date,amount
2025-02-03 14:31:41.447770, 10
2025-02-03 14:33:02.323206, 12
2025-02-03 14:40:37.340138, 14
2025-02-03 15:00:02.363411, 19
2025-02-03 15:30:01.895166, 20
2025-02-03 16:00:02.417881, 36
2025-02-03 16:30:01.939672, 46
2025-02-03 17:00:01.546880, 58
2025-02-03 17:30:02.175673, 76
2025-02-03 18:00:01.741864, 81
2025-02-03 18:30:02.347808, 78
2025-02-03 19:00:01.908906, 72
2025-02-03 19:30:02.503513, 67
2025-02-03 20:00:02.075469, 57
2025-02-03 20:30:01.658902, 66
2025-02-03 21:00:02.215132, 54
2025-02-03 21:30:01.803808, 46
2025-02-03 22:00:02.479417, 36
2025-02-03 22:30:02.216259, 20
2025-02-03 23:00:01.897439, 14
2025-02-03 23:30:02.560359, 7
2025-02-04 07:00:02.088934, 0
2025-02-04 07:30:01.798136, 0
2025-02-04 08:00:02.399871, 0
2025-02-04 08:30:02.042703, 2
2025-02-04 09:00:01.740812, 6
2025-02-04 09:30:02.332184, 8
2025-02-04 10:00:02.093645, 8
2025-02-04 10:30:01.736405, 10
2025-02-04 11:00:02.441269, 11
2025-02-04 11:30:02.106779, 18
2025-02-04 12:00:01.758219, 23
2025-02-04 12:30:02.405493, 24
2025-02-04 13:00:01.956767, 23
2025-02-04 13:30:01.623947, 22
2025-02-04 14:00:02.156900, 20
2025-02-04 14:30:01.729274, 23
2025-02-04 15:00:02.420719, 21
2025-02-04 15:30:01.979260, 23
2025-02-04 16:00:01.665608, 31
2025-02-04 16:30:02.228174, 35
2025-02-04 17:00:01.848762, 52
2025-02-04 17:30:02.439645, 60
2025-02-04 18:00:02.002710, 66
2025-02-04 18:30:01.623471, 84
2025-02-04 19:00:02.238118, 90
2025-02-04 19:30:01.838068, 109
2025-02-04 20:00:02.487334, 108
2025-02-04 20:30:02.083148, 92
2025-02-04 21:00:01.716033, 76
2025-02-04 21:30:02.416694, 50
2025-02-04 22:00:02.058739, 33
2025-02-04 22:30:01.660221, 23
2025-02-04 23:00:02.513169, 12
2025-02-04 23:30:02.153387, 4
2025-02-05 07:00:02.394031, 0
2025-02-05 07:30:01.968155, 0
2025-02-05 08:00:01.562869, 0
2025-02-05 08:30:02.241689, 5
2025-02-05 09:00:01.886799, 13
2025-02-05 09:30:02.495690, 14
2025-02-05 10:00:02.077520, 17
2025-02-05 10:30:01.735959, 20
2025-02-05 11:00:02.301173, 15
2025-02-05 11:30:01.952308, 19
2025-02-05 12:00:01.684582, 22
2025-02-05 12:30:02.239357, 18
2025-02-05 13:00:01.880626, 16
2025-02-05 13:30:02.508456, 15
2025-02-05 14:00:02.271233, 9
2025-02-05 14:30:01.958929, 14
2025-02-05 15:00:01.596661, 16
2025-02-05 15:30:02.220737, 16
2025-02-05 16:00:01.853456, 25
2025-02-05 16:30:02.498713, 40
2025-02-05 17:00:02.122647, 70
2025-02-05 17:30:01.676247, 90
2025-02-05 18:00:02.325671, 108
2025-02-05 18:30:01.844953, 120
2025-02-05 19:00:02.405571, 111
2025-02-05 19:30:01.957863, 113
2025-02-05 20:00:01.497092, 97
2025-02-05 20:30:02.042769, 76
2025-02-05 21:00:01.571696, 61
2025-02-05 21:30:02.221628, 44
2025-02-05 22:00:02.100426, 39
2025-02-05 22:30:01.875660, 28
2025-02-05 23:00:02.686692, 21
2025-02-05 23:30:02.522853, 12
2025-02-06 07:00:01.790390, 0
2025-02-06 07:30:02.501946, 0
2025-02-06 08:00:02.165765, 0
2025-02-06 08:30:01.807063, 6
2025-02-06 09:00:02.380085, 7
2025-02-06 09:30:02.009707, 9
2025-02-06 10:00:01.649260, 15
2025-02-06 10:30:02.277735, 15
2025-02-06 11:00:01.906091, 17
2025-02-06 11:30:02.538327, 16
2025-02-06 12:00:02.142342, 20
2025-02-06 12:30:01.759930, 18
2025-02-06 13:00:02.395215, 17
2025-02-06 13:30:02.040484, 18
2025-02-06 14:00:01.658414, 12
2025-02-06 14:30:02.302512, 13
2025-02-06 15:00:01.979463, 21
2025-02-06 15:30:01.664194, 26
2025-02-06 16:00:02.280813, 40
2025-02-06 16:30:01.884358, 60
2025-02-06 17:00:02.561847, 64
2025-02-06 17:30:02.234437, 75
2025-02-06 18:00:01.801545, 105
2025-02-06 18:30:02.418231, 112
2025-02-06 19:00:02.020847, 129
2025-02-06 19:30:01.526657, 134
2025-02-06 20:00:02.133813, 96
2025-02-06 20:30:01.714654, 70
2025-02-06 21:00:02.316077, 43
2025-02-06 21:30:01.887341, 28
2025-02-06 22:00:02.603132, 35
2025-02-06 22:30:02.321427, 28
2025-02-06 23:00:01.929808, 22
2025-02-06 23:30:01.539346, 14
2025-02-07 07:00:01.819814, 0
2025-02-07 07:30:02.450149, 0
2025-02-07 08:00:02.100695, 1
2025-02-07 08:30:01.758335, 4
2025-02-07 09:00:02.347995, 6
2025-02-07 09:30:02.032172, 12
2025-02-07 10:00:01.676631, 13
2025-02-07 10:30:02.267242, 12
2025-02-07 11:00:01.856500, 11
2025-02-07 11:30:02.537684, 6
2025-02-07 12:00:02.113334, 15
2025-02-07 12:30:01.752118, 16
2025-02-07 13:00:02.352819, 21
2025-02-07 13:30:01.983916, 28
2025-02-07 14:00:01.545731, 29
2025-02-07 14:30:02.189482, 37
2025-02-07 15:00:01.836964, 41
2025-02-07 15:30:02.468867, 38
2025-02-07 16:00:02.054589, 33
2025-02-07 16:30:01.617502, 38
2025-02-07 17:00:02.176418, 40
2025-02-07 17:30:01.729698, 52
2025-02-07 18:00:02.330549, 65
2025-02-07 18:30:01.949072, 77
2025-02-07 19:00:01.510484, 89
2025-02-07 19:30:02.090655, 94
2025-02-07 20:00:01.669232, 100
2025-02-07 20:30:02.179797, 99
2025-02-07 21:00:01.751253, 93
2025-02-07 21:30:02.362569, 74
2025-02-07 22:00:02.050862, 54
2025-02-07 22:30:01.764096, 28
2025-02-07 23:00:02.466520, 11
2025-02-07 23:30:02.066086, 6
2025-02-08 07:00:02.372667, 0
2025-02-08 07:30:02.022991, 0
2025-02-08 08:00:01.637470, 0
2025-02-08 08:30:02.227154, 1
2025-02-08 09:00:01.907731, 2
2025-02-08 09:30:02.531354, 10
2025-02-08 10:00:02.238206, 14
2025-02-08 10:30:01.828935, 19
2025-02-08 11:00:02.520665, 26
2025-02-08 11:30:02.163978, 36
2025-02-08 12:00:01.711264, 48
2025-02-08 12:30:02.340968, 47
2025-02-08 13:00:01.961085, 46
2025-02-08 13:30:01.606678, 47
2025-02-08 14:00:02.196094, 41
2025-02-08 14:30:01.859119, 47
2025-02-08 15:00:02.530290, 44
2025-02-08 15:30:02.171579, 36
2025-02-08 16:00:01.813741, 43
2025-02-08 16:30:02.381636, 59
2025-02-08 17:00:01.990916, 67
2025-02-08 17:30:01.605466, 78
2025-02-08 18:00:02.164007, 73
2025-02-08 18:30:01.763207, 49
2025-02-08 19:00:02.282211, 43
2025-02-08 19:30:01.873808, 33
2025-02-08 20:00:02.426424, 20
2025-02-08 20:30:01.941694, 17
2025-02-08 21:00:01.552396, 9
2025-02-08 21:30:02.240528, 0
2025-02-08 22:00:01.867822, 0
2025-02-08 22:30:02.570635, 0
2025-02-08 23:00:02.199087, 0
2025-02-08 23:30:01.877346, 0
2025-02-09 07:00:02.166033, 0
2025-02-09 07:30:01.777898, 0
2025-02-09 08:00:02.430918, 0
2025-02-09 08:30:02.067887, 3
2025-02-09 09:00:01.666490, 9
2025-02-09 09:30:02.266656, 12
2025-02-09 10:00:01.903484, 16
2025-02-09 10:30:02.505418, 24
2025-02-09 11:00:02.146151, 29
2025-02-09 11:30:01.697355, 35
2025-02-09 12:00:02.260929, 41
2025-02-09 12:30:01.813293, 45
2025-02-09 13:00:02.401275, 43
2025-02-09 13:30:02.004900, 48
2025-02-09 14:00:01.683644, 58
2025-02-09 14:30:02.318298, 52
2025-02-09 15:00:01.943970, 49
2025-02-09 15:30:01.519099, 48
2025-02-09 16:00:02.171262, 37
2025-02-09 16:30:01.810467, 40
2025-02-09 17:00:02.445843, 33
2025-02-09 17:30:02.080029, 25
2025-02-09 18:00:01.625122, 29
2025-02-09 18:30:02.239723, 18
2025-02-09 19:00:01.841103, 17
2025-02-09 19:30:02.414432, 17
2025-02-09 20:00:02.086061, 6
2025-02-09 20:30:01.620874, 5
2025-02-09 21:00:02.233341, 4
2025-02-09 21:30:01.901730, 0
2025-02-09 22:00:02.469659, 0
2025-02-09 22:30:02.098515, 0
2025-02-09 23:00:01.705801, 0
2025-02-09 23:30:02.347311, 0
2025-02-10 07:00:01.591560, 0
2025-02-10 07:30:02.165056, 0
2025-02-10 08:00:01.822564, 0
2025-02-10 08:30:02.499719, 0
2025-02-10 09:00:02.079832, 3
2025-02-10 09:30:01.690464, 4
2025-02-10 10:00:02.278391, 6
2025-02-10 10:30:01.874848, 9
2025-02-10 11:00:02.461369, 7
2025-02-10 11:30:02.253549, 12
2025-02-10 12:00:01.995465, 14
2025-02-10 12:30:01.810852, 17
2025-02-10 13:00:02.719092, 21
2025-02-10 13:30:02.530464, 18
2025-02-10 14:00:02.387888, 20
2025-02-10 14:30:02.138783, 18
2025-02-10 15:00:01.926431, 19
2025-02-10 15:30:02.795663, 29
2025-02-10 16:00:02.536423, 40
2025-02-10 16:30:02.296154, 56
2025-02-10 17:00:02.092910, 71
2025-02-10 17:30:01.704001, 84
2025-02-10 18:00:02.343485, 91
2025-02-10 18:30:01.903678, 85
2025-02-10 19:00:02.515173, 80
2025-02-10 19:30:02.119057, 71
2025-02-10 20:00:01.729712, 64
2025-02-10 20:30:02.341633, 70
2025-02-10 21:00:01.954630, 56
2025-02-10 21:30:01.520214, 54
2025-02-10 22:00:02.439489, 40
2025-02-10 22:30:02.222405, 24
2025-02-10 23:00:02.090556, 21
2025-02-10 23:30:01.679329, 7
2025-02-11 07:00:01.937910, 0
2025-02-11 07:30:01.497255, 0
2025-02-11 08:00:02.149636, 0
2025-02-11 08:30:01.754779, 5
2025-02-11 09:00:02.377036, 8
2025-02-11 09:30:02.170143, 10
2025-02-11 10:00:02.053746, 14
2025-02-11 10:30:01.641682, 14
2025-02-11 11:00:02.260994, 15
2025-02-11 11:30:01.917380, 17
2025-02-11 12:00:02.815864, 21
2025-02-11 12:30:02.419902, 20
2025-02-11 13:00:02.052255, 19
2025-02-11 13:30:01.644068, 16
2025-02-11 14:00:02.261669, 12
2025-02-11 14:30:01.896248, 11
2025-02-11 15:00:02.570936, 13
2025-02-11 15:30:02.196503, 27
2025-02-11 16:00:01.779220, 33
2025-02-11 16:30:02.390603, 44
2025-02-11 17:00:01.995981, 57
2025-02-11 17:30:01.639077, 63
2025-02-11 18:00:02.325306, 67
2025-02-11 18:30:01.968119, 75
2025-02-11 19:00:01.564471, 91
2025-02-11 19:30:02.220517, 94
2025-02-11 20:00:01.847721, 99
2025-02-11 20:30:02.509651, 90
2025-02-11 21:00:02.094831, 65
2025-02-11 21:30:01.814564, 43
2025-02-11 22:00:02.482973, 27
2025-02-11 22:30:02.304200, 15
2025-02-11 23:00:02.620700, 6
2025-02-11 23:30:02.241863, 4
2025-02-12 07:00:02.544882, 0
2025-02-12 07:30:02.102925, 0
2025-02-12 08:00:01.693313, 0
2025-02-12 08:30:02.382610, 2
2025-02-12 09:00:02.057299, 4
2025-02-12 09:30:01.644924, 9
2025-02-12 10:00:02.394863, 13
2025-02-12 10:30:01.969391, 12
2025-02-12 11:00:01.587261, 11
2025-02-12 11:30:02.246681, 7
2025-02-12 12:00:01.860809, 10
2025-02-12 12:30:02.440209, 15
2025-02-12 13:00:02.028851, 17
2025-02-12 13:30:01.668362, 27
2025-02-12 14:00:02.298695, 26
2025-02-12 14:30:01.951393, 22
2025-02-12 15:00:01.538158, 28
2025-02-12 15:30:02.169877, 23
2025-02-12 16:00:01.717674, 24
2025-02-12 16:30:02.286417, 37
2025-02-12 17:00:01.839985, 44
2025-02-12 17:30:02.460751, 61
2025-02-12 18:00:02.066914, 75
2025-02-12 18:30:01.605510, 83
2025-02-12 19:00:02.176430, 98
2025-02-12 19:30:01.796178, 100
2025-02-12 20:00:02.755286, 91
2025-02-12 20:30:02.336470, 71
2025-02-12 21:00:01.971075, 53
2025-02-12 21:30:01.555984, 45
2025-02-12 22:00:02.320223, 40
2025-02-12 22:30:02.050868, 40
2025-02-12 23:00:01.806444, 26
2025-02-12 23:30:02.532840, 10
2025-02-13 07:00:01.746913, 0
2025-02-13 07:30:02.394228, 0
2025-02-13 08:00:02.068861, 0
2025-02-13 08:30:01.650052, 6
2025-02-13 09:00:02.313390, 9
2025-02-13 09:30:01.966060, 12
2025-02-13 10:00:01.544362, 15
2025-02-13 10:30:02.189335, 12
2025-02-13 11:00:01.748278, 11
2025-02-13 11:30:02.340628, 17
2025-02-13 12:00:01.978056, 16
2025-02-13 12:30:01.574147, 16
2025-02-13 13:00:02.127864, 21
2025-02-13 13:30:01.783856, 14
2025-02-13 14:00:02.403518, 13
2025-02-13 14:30:02.092316, 20
2025-02-13 15:00:01.727885, 20
2025-02-13 15:30:02.333925, 24
2025-02-13 16:00:01.923448, 32
2025-02-13 16:30:02.523894, 39
2025-02-13 17:00:02.099238, 46
2025-02-13 17:30:01.732854, 58
2025-02-13 18:00:02.386291, 70
2025-02-13 18:30:01.992290, 89
2025-02-13 19:00:01.492235, 109
2025-02-13 19:30:02.160214, 112
2025-02-13 20:00:01.790193, 102
2025-02-13 20:30:02.367503, 85
2025-02-13 21:00:01.951443, 54
2025-02-13 21:30:01.610961, 43
2025-02-13 22:00:02.419905, 34
2025-02-13 22:30:02.254739, 18
2025-02-13 23:00:01.915865, 14
2025-02-13 23:30:02.596409, 5
2025-02-14 07:00:01.849594, 0
2025-02-14 07:30:02.555093, 0
2025-02-14 08:00:02.155771, 0
2025-02-14 08:30:01.716519, 6
2025-02-14 09:00:02.378790, 10
2025-02-14 09:30:01.928478, 14
2025-02-14 10:00:01.489703, 16
2025-02-14 10:30:02.096353, 13
2025-02-14 11:00:01.737035, 10
2025-02-14 11:30:02.416146, 13
2025-02-14 12:00:02.066960, 20
2025-02-14 12:30:01.676601, 21
2025-02-14 13:00:02.329978, 20
2025-02-14 13:30:01.872349, 13
2025-02-14 14:00:02.491310, 5
2025-02-14 14:30:02.193066, 6
2025-02-14 15:00:01.821408, 13
2025-02-14 15:30:02.752058, 26
2025-02-14 16:00:02.380363, 36
2025-02-14 16:30:02.052857, 45
2025-02-14 17:00:01.718034, 53
2025-02-14 17:30:02.359093, 54
2025-02-14 18:00:01.955284, 57
2025-02-14 18:30:01.475468, 56
2025-02-14 19:00:02.061486, 53
2025-02-14 19:30:01.541523, 57
2025-02-14 20:00:02.062690, 54
2025-02-14 20:30:01.570645, 50
2025-02-14 21:00:02.152952, 45
2025-02-14 21:30:01.737000, 29
2025-02-14 22:00:02.587869, 18
2025-02-14 22:30:02.244137, 11
2025-02-14 23:00:01.965697, 4
2025-02-14 23:30:01.614210, 1
2025-02-15 07:00:01.760506, 0
2025-02-15 07:30:02.446156, 0
2025-02-15 08:00:02.099688, 0
2025-02-15 08:30:01.670890, 2
2025-02-15 09:00:02.249480, 4
2025-02-15 09:30:01.859565, 10
2025-02-15 10:00:02.426228, 16
2025-02-15 10:30:02.067484, 17
2025-02-15 11:00:01.668807, 23
2025-02-15 11:30:02.456585, 33
2025-02-15 12:00:02.031813, 38
2025-02-15 12:30:01.604416, 39
2025-02-15 13:00:02.329924, 36
2025-02-15 13:30:01.905282, 31
2025-02-15 14:00:02.578961, 37
2025-02-15 14:30:02.281775, 50
2025-02-15 15:00:01.948128, 57
2025-02-15 15:30:01.535273, 62
2025-02-15 16:00:02.084497, 54
2025-02-15 16:30:01.641873, 44
2025-02-15 17:00:02.277561, 48
2025-02-15 17:30:01.947276, 42
2025-02-15 18:00:01.485401, 48
2025-02-15 18:30:02.024850, 52
2025-02-15 19:00:01.667038, 42
2025-02-15 19:30:02.271271, 34
2025-02-15 20:00:01.801252, 21
2025-02-15 20:30:02.418531, 9
2025-02-15 21:00:02.051607, 3
2025-02-15 21:30:01.802733, 1
2025-02-15 22:00:02.479060, 0
2025-02-15 22:30:02.160253, 0
2025-02-15 23:00:01.698066, 0
2025-02-15 23:30:02.319184, 0
2025-02-16 07:00:02.566160, 0
2025-02-16 07:30:02.135743, 0
2025-02-16 08:00:01.812213, 0
2025-02-16 08:30:02.451936, 8
2025-02-16 09:00:02.227247, 8
2025-02-16 09:30:01.806398, 12
2025-02-16 10:00:02.381055, 22
2025-02-16 10:30:02.071303, 27
2025-02-16 11:00:01.644272, 44
2025-02-16 11:30:02.276917, 53
2025-02-16 12:00:01.893598, 54
2025-02-16 12:30:02.485638, 51
2025-02-16 13:00:02.113295, 38
2025-02-16 13:30:01.662219, 41
2025-02-16 14:00:02.331140, 42
2025-02-16 14:30:01.904729, 42
2025-02-16 15:00:02.509610, 47
2025-02-16 15:30:02.150349, 46
2025-02-16 16:00:01.726043, 43
2025-02-16 16:30:02.366700, 46
2025-02-16 17:00:01.962685, 54
2025-02-16 17:30:01.613394, 60
2025-02-16 18:00:02.182948, 73
2025-02-16 18:30:01.787393, 73
2025-02-16 19:00:02.429754, 70
2025-02-16 19:30:01.959517, 55
2025-02-16 20:00:01.522262, 35
2025-02-16 20:30:02.088808, 21
2025-02-16 21:00:01.635702, 7
2025-02-16 21:30:02.315674, 2
2025-02-16 22:00:01.985412, 0
2025-02-16 22:30:01.572392, 0
2025-02-16 23:00:02.219103, 0
2025-02-16 23:30:01.810550, 0
2025-02-17 07:00:02.065083, 0
2025-02-17 07:30:01.638741, 0
2025-02-17 08:00:02.333967, 0
2025-02-17 08:30:01.921173, 0
2025-02-17 09:00:02.557694, 2
2025-02-17 09:30:02.343651, 6
2025-02-17 10:00:01.975709, 13
2025-02-17 10:30:01.622826, 22
2025-02-17 11:00:02.190576, 24
2025-02-17 11:30:01.738355, 31
2025-02-17 12:00:02.450819, 33
2025-02-17 12:30:02.087250, 28
2025-02-17 13:00:01.635357, 36
2025-02-17 13:30:02.291399, 37
2025-02-17 14:00:01.942420, 35
2025-02-17 14:30:01.585661, 46
2025-02-17 15:00:02.205282, 44
2025-02-17 15:30:01.781639, 44
2025-02-17 16:00:02.414328, 45
2025-02-17 16:30:01.960085, 46
2025-02-17 17:00:01.466982, 46
2025-02-17 17:30:02.034266, 43
2025-02-17 18:00:01.581032, 59
2025-02-17 18:30:02.176154, 59
2025-02-17 19:00:01.709307, 64
2025-02-17 19:30:02.304560, 58
2025-02-17 20:00:01.884868, 47
2025-02-17 20:30:02.487208, 42
2025-02-17 21:00:02.069299, 41
2025-02-17 21:30:01.618023, 46
2025-02-17 22:00:02.239917, 38
2025-02-17 22:30:02.010304, 31
2025-02-17 23:00:01.584443, 19
2025-02-17 23:30:02.284062, 9
2025-02-18 07:00:02.442643, 0
2025-02-18 07:30:02.109433, 0
2025-02-18 08:00:01.707699, 0
2025-02-18 08:30:02.333598, 6
2025-02-18 09:00:01.908029, 8
2025-02-18 09:30:02.559649, 9
2025-02-18 10:00:02.181117, 12
2025-02-18 10:30:01.779896, 7
2025-02-18 11:00:02.362842, 10
2025-02-18 11:30:01.952535, 13
2025-02-18 12:00:01.526737, 15
2025-02-18 12:30:02.293493, 18
2025-02-18 13:00:01.899683, 22
2025-02-18 13:30:02.482960, 23
2025-02-18 14:00:02.150669, 24
2025-02-18 14:30:01.792981, 23
2025-02-18 15:00:02.394799, 20
2025-02-18 15:30:02.070980, 33
2025-02-18 16:00:01.717352, 33
2025-02-18 16:30:02.389578, 43
2025-02-18 17:00:01.966947, 59
2025-02-18 17:30:01.536617, 76
2025-02-18 18:00:02.128878, 100
2025-02-18 18:30:01.722183, 113
2025-02-18 19:00:02.250496, 129
2025-02-18 19:30:01.875559, 113
2025-02-18 20:00:02.447973, 98
2025-02-18 20:30:01.978647, 89
2025-02-18 21:00:01.564830, 54
2025-02-18 21:30:02.229587, 40
2025-02-18 22:00:01.986135, 27
2025-02-18 22:30:01.710097, 9
2025-02-18 23:00:02.414541, 7
2025-02-18 23:30:02.137488, 2
2025-02-19 07:00:02.384102, 0
2025-02-19 07:30:01.989264, 0
2025-02-19 08:00:01.587980, 0
2025-02-19 08:30:02.179123, 6
2025-02-19 09:00:01.721199, 12
2025-02-19 09:30:02.412828, 13
2025-02-19 10:00:01.993747, 15
2025-02-19 10:30:01.553084, 13
2025-02-19 11:00:02.157784, 11
2025-02-19 11:30:01.716425, 16
2025-02-19 12:00:02.381232, 23
2025-02-19 12:30:02.011186, 27
2025-02-19 13:00:01.639892, 26
2025-02-19 13:30:02.266988, 23
2025-02-19 14:00:01.920149, 19
2025-02-19 14:30:02.469601, 15
2025-02-19 15:00:02.114488, 14
2025-02-19 15:30:01.714392, 16
2025-02-19 16:00:02.377587, 20
2025-02-19 16:30:02.027047, 35
2025-02-19 17:00:01.690657, 65
2025-02-19 17:30:02.258847, 81
2025-02-19 18:00:01.860079, 98
2025-02-19 18:30:02.516224, 117
2025-02-19 19:00:02.187682, 102
2025-02-19 19:30:01.754381, 97
2025-02-19 20:00:02.379959, 104
2025-02-19 20:30:01.990939, 78
2025-02-19 21:00:01.550525, 68
2025-02-19 21:30:02.166518, 54
2025-02-19 22:00:01.936792, 26
2025-02-19 22:30:01.896644, 16
2025-02-19 23:00:02.613268, 8
2025-02-19 23:30:02.309329, 6
2025-02-20 07:00:02.488085, 0
2025-02-20 07:30:02.153313, 0
2025-02-20 08:00:01.787035, 0
2025-02-20 08:30:02.376680, 4
2025-02-20 09:00:01.899040, 7
2025-02-20 09:30:02.518878, 8
2025-02-20 10:00:02.153803, 11
2025-02-20 10:30:01.698080, 11
2025-02-20 11:00:02.278960, 10
2025-02-20 11:30:01.889891, 16
2025-02-20 12:00:02.514035, 17
2025-02-20 12:30:02.108447, 19
2025-02-20 13:00:01.681295, 22
2025-02-20 13:30:02.330817, 22
2025-02-20 14:00:01.932189, 26
2025-02-20 14:30:01.479710, 26
2025-02-20 15:00:02.258589, 28
2025-02-20 15:30:01.871371, 30
2025-02-20 16:00:02.511924, 31
2025-02-20 16:30:02.111528, 41
2025-02-20 17:00:01.782747, 56
2025-02-20 17:30:02.422902, 78
2025-02-20 18:00:01.986609, 89
2025-02-20 18:30:01.642685, 97
2025-02-20 19:00:02.253726, 94
2025-02-20 19:30:01.838082, 88
2025-02-20 20:00:02.400923, 81
2025-02-20 20:30:02.004417, 66
2025-02-20 21:00:01.531468, 52
2025-02-20 21:30:02.176853, 28
2025-02-20 22:00:01.947121, 25
2025-02-20 22:30:01.771896, 22
2025-02-20 23:00:02.573961, 16
2025-02-20 23:30:02.180399, 14
2025-02-21 07:00:02.432041, 0
2025-02-21 07:30:02.058797, 0
2025-02-21 08:00:01.684202, 0
2025-02-21 08:30:02.347682, 9
2025-02-21 09:00:01.999575, 10
2025-02-21 09:30:01.668706, 13
2025-02-21 10:00:02.336578, 18
2025-02-21 10:30:01.897449, 16
2025-02-21 11:00:02.457267, 16
2025-02-21 11:30:02.088059, 16
2025-02-21 12:00:01.701142, 22
2025-02-21 12:30:02.297703, 19
2025-02-21 13:00:01.891977, 27
2025-02-21 13:30:02.544460, 30
2025-02-21 14:00:02.196544, 30
2025-02-21 14:30:01.809443, 34
2025-02-21 15:00:02.374177, 34
2025-02-21 15:30:01.992127, 36
2025-02-21 16:00:01.633810, 32
2025-02-21 16:30:02.293171, 44
2025-02-21 17:00:01.929979, 52
2025-02-21 17:30:01.512657, 62
2025-02-21 18:00:02.136604, 73
2025-02-21 18:30:01.692750, 81
2025-02-21 19:00:02.249640, 87
2025-02-21 19:30:01.845793, 89
2025-02-21 20:00:02.425808, 82
2025-02-21 20:30:01.941601, 62
2025-02-21 21:00:01.536115, 40
2025-02-21 21:30:02.178940, 21
2025-02-21 22:00:02.051453, 19
2025-02-21 22:30:01.758938, 12
2025-02-21 23:00:02.564711, 11
2025-02-21 23:30:02.310527, 8
2025-02-22 07:00:02.592060, 0
2025-02-22 07:30:02.315030, 0
2025-02-22 08:00:01.967353, 0
2025-02-22 08:30:01.622626, 3
2025-02-22 09:00:02.178999, 7
2025-02-22 09:30:01.794065, 8
2025-02-22 10:00:02.455323, 14
2025-02-22 10:30:02.021368, 20
2025-02-22 11:00:01.813221, 19
2025-02-22 11:30:02.433544, 19
2025-02-22 12:00:02.006253, 28
2025-02-22 12:30:01.574699, 31
2025-02-22 13:00:02.516917, 36
2025-02-22 13:30:02.128868, 44
2025-02-22 14:00:01.637781, 31
2025-02-22 14:30:02.311252, 34
2025-02-22 15:00:01.934309, 35
2025-02-22 15:30:01.577769, 33
2025-02-22 16:00:02.255718, 45
2025-02-22 16:30:01.804125, 33
2025-02-22 17:00:02.423946, 36
2025-02-22 17:30:01.983314, 36
2025-02-22 18:00:01.566072, 33
2025-02-22 18:30:02.224280, 44
2025-02-22 19:00:01.756527, 44
2025-02-22 19:30:02.317443, 40
2025-02-22 20:00:01.950698, 33
2025-02-22 20:30:01.506583, 17
2025-02-22 21:00:02.058156, 7
2025-02-22 21:30:01.685593, 0
2025-02-22 22:00:02.358631, 0
2025-02-22 22:30:01.988812, 0
2025-02-22 23:00:01.570338, 0
2025-02-22 23:30:02.178136, 0
2025-02-23 07:00:02.441622, 0
2025-02-23 07:30:02.062682, 0
2025-02-23 08:00:01.621056, 0
2025-02-23 08:30:02.304278, 10
2025-02-23 09:00:01.973347, 13
2025-02-23 09:30:01.575413, 19
2025-02-23 10:00:02.198278, 28
2025-02-23 10:30:01.849476, 36
2025-02-23 11:00:02.437412, 55
2025-02-23 11:30:02.091375, 64
2025-02-23 12:00:01.647180, 58
2025-02-23 12:30:02.253757, 54
2025-02-23 13:00:01.884427, 41
2025-02-23 13:30:02.463447, 52
2025-02-23 14:00:02.127769, 61
2025-02-23 14:30:01.679454, 61
2025-02-23 15:00:02.280105, 60
2025-02-23 15:30:01.918430, 51
2025-02-23 16:00:02.469850, 57
2025-02-23 16:30:02.061504, 54
2025-02-23 17:00:01.588721, 52
2025-02-23 17:30:02.141987, 48
2025-02-23 18:00:01.741507, 39
2025-02-23 18:30:02.355661, 39
2025-02-23 19:00:01.946121, 45
2025-02-23 19:30:01.454627, 38
2025-02-23 20:00:02.032775, 31
2025-02-23 20:30:01.643515, 18
2025-02-23 21:00:02.250101, 7
2025-02-23 21:30:01.919503, 1
2025-02-23 22:00:02.575521, 0
2025-02-23 22:30:02.256102, 0
2025-02-23 23:00:01.845791, 0
2025-02-23 23:30:02.462291, 0
2025-02-24 07:00:01.657744, 0
2025-02-24 07:30:02.297939, 0
2025-02-24 08:00:01.952246, 0
2025-02-24 08:30:01.587729, 2
2025-02-24 09:00:02.277890, 5
2025-02-24 09:30:01.885385, 6
2025-02-24 10:00:02.574038, 9
2025-02-24 10:30:02.282993, 10
2025-02-24 11:00:01.829646, 11
2025-02-24 11:30:02.491724, 12
2025-02-24 12:00:02.118672, 12
2025-02-24 12:30:01.783385, 13
2025-02-24 13:00:02.351735, 10
2025-02-24 13:30:01.967864, 12
2025-02-24 14:00:01.621949, 11
2025-02-24 14:30:02.214072, 12
2025-02-24 15:00:01.884938, 12
2025-02-24 15:30:02.550686, 16
2025-02-24 16:00:02.158209, 21
2025-02-24 16:30:01.747139, 28
2025-02-24 17:00:02.363669, 47
2025-02-24 17:30:02.018097, 53
2025-02-24 18:00:01.636534, 66
2025-02-24 18:30:02.250870, 79
2025-02-24 19:00:01.906309, 78
2025-02-24 19:30:02.553535, 80
2025-02-24 20:00:02.113948, 76
2025-02-24 20:30:01.701729, 64
2025-02-24 21:00:02.232088, 52
2025-02-24 21:30:01.793837, 40
2025-02-24 22:00:02.506182, 28
2025-02-24 22:30:02.282316, 17
2025-02-24 23:00:02.150340, 11
2025-02-24 23:30:01.780726, 6
2025-02-25 07:00:02.149499, 0
2025-02-25 07:30:01.738712, 0
2025-02-25 08:00:02.377098, 0
2025-02-25 08:30:02.080921, 1
2025-02-25 09:00:01.712378, 6
2025-02-25 09:30:02.275419, 20
2025-02-25 10:00:02.043383, 22
2025-02-25 10:30:01.682628, 26
2025-02-25 11:00:02.269255, 22
2025-02-25 11:30:01.887295, 11
2025-02-25 12:00:02.518225, 15
2025-02-25 12:30:02.171644, 14
2025-02-25 13:00:01.836710, 16
2025-02-25 13:30:02.452906, 18
2025-02-25 14:00:02.189874, 16
2025-02-25 14:30:01.785614, 18
2025-02-25 15:00:02.383359, 21
2025-02-25 15:30:02.042377, 21
2025-02-25 16:00:01.654870, 26
2025-02-25 16:30:02.240508, 37
2025-02-25 17:00:01.890777, 53
2025-02-25 17:30:02.494027, 66
2025-02-25 18:00:02.109442, 86
2025-02-25 18:30:01.701848, 94
2025-02-25 19:00:02.309593, 108
2025-02-25 19:30:01.893882, 117
2025-02-25 20:00:02.660460, 99
2025-02-25 20:30:02.237039, 91
2025-02-25 21:00:01.895120, 60
2025-02-25 21:30:02.593770, 39
2025-02-25 22:00:02.398123, 32
2025-02-25 22:30:02.094330, 16
2025-02-25 23:00:01.728398, 11
2025-02-25 23:30:02.415465, 5
2025-02-26 07:00:01.834231, 0
2025-02-26 07:30:02.490906, 0
2025-02-26 08:00:02.045230, 0
2025-02-26 08:30:01.615496, 14
2025-02-26 09:00:02.244005, 21
2025-02-26 09:30:01.853667, 23
2025-02-26 10:00:02.566430, 27
2025-02-26 10:30:02.296615, 17
2025-02-26 11:00:02.055228, 10
2025-02-26 11:30:01.694247, 11
2025-02-26 12:00:02.444786, 11
2025-02-26 12:30:02.149648, 14
2025-02-26 13:00:01.804912, 20
2025-02-26 13:30:02.431047, 18
2025-02-26 14:00:02.029511, 15
2025-02-26 14:30:01.598714, 13
2025-02-26 15:00:02.283471, 14
2025-02-26 15:30:01.925426, 22
2025-02-26 16:00:02.497258, 32
2025-02-26 16:30:02.180044, 42
2025-02-26 17:00:01.794950, 53
2025-02-26 17:30:02.449038, 84
2025-02-26 18:00:02.329507, 105
2025-02-26 18:30:02.046972, 108
2025-02-26 19:00:01.661989, 101
2025-02-26 19:30:02.312025, 82
2025-02-26 20:00:01.940528, 61
2025-02-26 20:30:01.531384, 46
2025-02-26 21:00:02.115394, 42
2025-02-26 21:30:01.803947, 24
2025-02-26 22:00:02.621385, 18
2025-02-26 22:30:02.301889, 17
2025-02-26 23:00:02.045271, 10
2025-02-26 23:30:01.696820, 7
2025-02-27 07:00:02.024892, 0
2025-02-27 07:30:01.682273, 0
2025-02-27 08:00:02.436276, 0
2025-02-27 08:30:02.182624, 8
2025-02-27 09:00:01.870861, 12
2025-02-27 09:30:02.566878, 13
2025-02-27 10:00:02.284226, 16
2025-02-27 10:30:01.873283, 9
2025-02-27 11:00:03.282664, 16
2025-02-27 11:30:01.997385, 16
2025-02-27 12:00:01.653227, 15
2025-02-27 12:30:02.284804, 20
2025-02-27 13:00:01.903274, 12
2025-02-27 13:30:02.575650, 13
2025-02-27 14:00:02.271253, 14
2025-02-27 14:30:01.886647, 12
2025-02-27 15:00:02.639893, 20
2025-02-27 15:30:02.247775, 19
2025-02-27 16:00:02.090193, 29
2025-02-27 16:30:01.675349, 40
2025-02-27 17:00:02.394374, 45
2025-02-27 17:30:02.069769, 64
2025-02-27 18:00:01.752834, 66
2025-02-27 18:30:02.459263, 88
2025-02-27 19:00:02.101767, 103
2025-02-27 19:30:01.757053, 104
2025-02-27 20:00:02.365926, 98
2025-02-27 20:30:02.024201, 76
2025-02-27 21:00:01.699070, 61
2025-02-27 21:30:02.337440, 46
2025-02-27 22:00:02.105260, 37
2025-02-27 22:30:01.801756, 30
2025-02-27 23:00:02.425075, 16
2025-02-27 23:30:02.109166, 10
2025-02-28 07:00:02.441937, 0
2025-02-28 07:30:02.146138, 0
2025-02-28 08:00:01.827593, 0
2025-02-28 08:30:02.478649, 5
2025-02-28 09:00:02.159539, 7
2025-02-28 09:30:01.849229, 10
2025-02-28 10:00:02.539866, 12
2025-02-28 10:30:02.182143, 10
2025-02-28 11:00:01.759571, 8
2025-02-28 11:30:02.403694, 14
2025-02-28 12:00:02.024367, 17
2025-02-28 12:30:01.692429, 18
2025-02-28 13:00:02.468970, 21
2025-02-28 13:30:02.271695, 15
2025-02-28 14:00:01.889400, 18
2025-02-28 14:30:02.497527, 19
2025-02-28 15:00:02.163193, 25
2025-02-28 15:30:01.709878, 26
2025-02-28 16:00:02.366247, 25
2025-02-28 16:30:01.991207, 33
2025-02-28 17:00:01.645749, 38
2025-02-28 17:30:02.242886, 51
2025-02-28 18:00:01.920125, 61
2025-02-28 18:30:02.489548, 58
2025-02-28 19:00:02.125499, 65
2025-02-28 19:30:01.763603, 59
2025-02-28 20:00:02.297843, 57
2025-02-28 20:30:01.939304, 62
2025-02-28 21:00:01.499298, 44
2025-02-28 21:30:02.090840, 31
2025-02-28 22:00:01.816532, 24
2025-02-28 22:30:02.459356, 10
2025-02-28 23:00:02.067249, 7
2025-02-28 23:30:01.721051, 4
2025-03-01 07:00:01.968863, 0
2025-03-01 07:30:01.661915, 0
2025-03-01 08:00:02.323260, 0
2025-03-01 08:30:02.016506, 2
2025-03-01 09:00:01.709561, 4
2025-03-01 09:30:02.373738, 6
2025-03-01 10:00:01.991605, 9
2025-03-01 10:30:01.616311, 13
2025-03-01 11:00:02.211254, 14
2025-03-01 11:30:01.829921, 18
2025-03-01 12:00:02.436522, 20
2025-03-01 12:30:02.106472, 19
2025-03-01 13:00:01.735482, 27
2025-03-01 13:30:02.429302, 30
2025-03-01 14:00:02.062643, 33
2025-03-01 14:30:01.671361, 35
2025-03-01 15:00:02.283384, 37
2025-03-01 15:30:01.899146, 33
2025-03-01 16:00:02.531275, 31
2025-03-01 16:30:02.129139, 32
2025-03-01 17:00:01.737133, 30
2025-03-01 17:30:02.370717, 29
2025-03-01 18:00:01.911272, 32
2025-03-01 18:30:02.450690, 31
2025-03-01 19:00:02.062444, 38
2025-03-01 19:30:01.576601, 37
2025-03-01 20:00:02.182712, 27
2025-03-01 20:30:01.789787, 21
2025-03-01 21:00:02.464571, 4
2025-03-01 21:30:02.078956, 0
2025-03-01 22:00:01.693176, 0
2025-03-01 22:30:02.380791, 0
2025-03-01 23:00:02.057643, 0
2025-03-01 23:30:01.745389, 0
2025-03-02 07:00:01.929242, 0
2025-03-02 07:30:02.991758, 0
2025-03-02 08:00:01.616701, 0
2025-03-02 08:30:02.406157, 10
2025-03-02 09:00:01.992201, 12
2025-03-02 09:30:01.594677, 13
2025-03-02 10:00:02.255331, 14
2025-03-02 10:30:01.911197, 22
2025-03-02 11:00:02.515125, 27
2025-03-02 11:30:02.159984, 38
2025-03-02 12:00:01.910724, 41
2025-03-02 12:30:02.453838, 25
2025-03-02 13:00:02.019289, 22
2025-03-02 13:30:01.664449, 22
2025-03-02 14:00:02.346165, 32
2025-03-02 14:30:01.970398, 41
2025-03-02 15:00:01.598118, 47
2025-03-02 15:30:02.222210, 48
2025-03-02 16:00:01.795670, 39
2025-03-02 16:30:02.335000, 39
2025-03-02 17:00:01.939253, 35
2025-03-02 17:30:01.509699, 41
2025-03-02 18:00:02.134912, 49
2025-03-02 18:30:01.719663, 52
2025-03-02 19:00:02.333176, 61
2025-03-02 19:30:02.057753, 45
2025-03-02 20:00:01.704288, 32
2025-03-02 20:30:02.353204, 17
2025-03-02 21:00:01.948738, 3
2025-03-02 21:30:01.533514, 0
2025-03-02 22:00:02.186260, 0
2025-03-02 22:30:01.864331, 0
2025-03-02 23:00:02.576499, 0
2025-03-02 23:30:02.224663, 0
2025-03-03 07:00:02.519269, 0
2025-03-03 07:30:02.133375, 0
2025-03-03 08:00:01.687012, 0
2025-03-03 08:30:02.361938, 2
2025-03-03 09:00:01.981677, 3
2025-03-03 09:30:01.634379, 6
2025-03-03 10:00:02.239593, 9
2025-03-03 10:30:01.894026, 8
2025-03-03 11:00:02.494682, 8
2025-03-03 11:30:02.148362, 9
2025-03-03 12:00:01.741683, 7
2025-03-03 12:30:02.383570, 10
2025-03-03 13:00:02.072054, 12
2025-03-03 13:30:01.719151, 14
2025-03-03 14:00:02.403979, 22
2025-03-03 14:30:01.996567, 19
2025-03-03 15:00:01.551264, 29
2025-03-03 15:30:02.150995, 30
2025-03-03 16:00:01.685380, 30
2025-03-03 16:30:02.315239, 36
2025-03-03 17:00:01.953980, 38
2025-03-03 17:30:01.564327, 54
2025-03-03 18:00:02.149162, 72
2025-03-03 18:30:01.763082, 71
2025-03-03 19:00:02.333145, 72
2025-03-03 19:30:01.912897, 68
2025-03-03 20:00:02.457423, 56
2025-03-03 20:30:02.068043, 60
2025-03-03 21:00:01.635807, 58
2025-03-03 21:30:02.254440, 42
2025-03-03 22:00:01.922312, 30
2025-03-03 22:30:02.484074, 21
2025-03-03 23:00:02.186830, 8
2025-03-03 23:30:01.771002, 6
2025-03-04 07:00:01.985319, 0
2025-03-04 07:30:01.661037, 0
2025-03-04 08:00:02.275799, 0
2025-03-04 08:30:01.907722, 3
2025-03-04 09:00:02.606367, 4
2025-03-04 09:30:02.376313, 5
2025-03-04 10:00:02.122135, 5
2025-03-04 10:30:01.671599, 7
2025-03-04 11:00:02.343858, 10
2025-03-04 11:30:01.904009, 15
2025-03-04 12:00:02.523295, 25
2025-03-04 12:30:02.170396, 20
2025-03-04 13:00:01.833136, 21
2025-03-04 13:30:02.440892, 21
2025-03-04 14:00:02.035474, 16
2025-03-04 14:30:01.679504, 21
2025-03-04 15:00:02.396834, 19
2025-03-04 15:30:01.964740, 19
2025-03-04 16:00:01.590214, 28
2025-03-04 16:30:02.226155, 39
2025-03-04 17:00:01.874817, 55
2025-03-04 17:30:02.469867, 72
2025-03-04 18:00:02.146163, 69
2025-03-04 18:30:01.732089, 83
2025-03-04 19:00:02.295614, 84
2025-03-04 19:30:01.881068, 79
2025-03-04 20:00:02.436404, 77
2025-03-04 20:30:02.032079, 64
2025-03-04 21:00:01.591614, 49
2025-03-04 21:30:02.237787, 40
2025-03-04 22:00:01.840024, 33
2025-03-04 22:30:02.475359, 16
2025-03-04 23:00:02.171700, 11
2025-03-04 23:30:01.781933, 2
2025-03-05 07:00:02.057537, 0
2025-03-05 07:30:01.714460, 0
2025-03-05 08:00:02.344886, 0
2025-03-05 08:30:01.970927, 0
2025-03-05 09:00:01.602394, 3
2025-03-05 09:30:02.307549, 5
2025-03-05 10:00:02.000142, 6
2025-03-05 10:30:01.578547, 11
2025-03-05 11:00:02.594279, 13
2025-03-05 11:30:02.347670, 15
2025-03-05 12:00:01.991472, 18
2025-03-05 12:30:01.586680, 19
2025-03-05 13:00:02.206968, 20
2025-03-05 13:30:01.931727, 17
2025-03-05 14:00:02.747113, 18
2025-03-05 14:30:02.382279, 23
2025-03-05 15:00:02.019701, 24
2025-03-05 15:30:01.649553, 30
2025-03-05 16:00:02.264942, 31
2025-03-05 16:30:01.820220, 35
2025-03-05 17:00:02.488434, 51
2025-03-05 17:30:02.052231, 72
2025-03-05 18:00:01.697054, 86
2025-03-05 18:30:02.385137, 91
2025-03-05 19:00:01.955695, 81
2025-03-05 19:30:01.537003, 74
2025-03-05 20:00:02.104154, 65
2025-03-05 20:30:01.720056, 52
2025-03-05 21:00:02.351580, 49
2025-03-05 21:30:01.947370, 35
2025-03-05 22:00:01.531389, 23
2025-03-05 22:30:02.182737, 18
2025-03-05 23:00:01.836414, 7
2025-03-05 23:30:02.563706, 4
2025-03-06 07:00:01.815003, 0
2025-03-06 07:30:02.529509, 0
2025-03-06 08:00:02.152828, 0
2025-03-06 08:30:01.751557, 11
2025-03-06 09:00:02.442435, 15
2025-03-06 09:30:02.146213, 18
2025-03-06 10:00:01.806867, 19
2025-03-06 10:30:02.384719, 10
2025-03-06 11:00:01.967153, 8
2025-03-06 11:30:01.530850, 11
2025-03-06 12:00:02.166259, 9
2025-03-06 12:30:01.793636, 12
2025-03-06 13:00:02.495063, 14
2025-03-06 13:30:02.136391, 13
2025-03-06 14:00:01.742189, 21
2025-03-06 14:30:02.434295, 24
2025-03-06 15:00:02.070148, 26
2025-03-06 15:30:01.643099, 29
2025-03-06 16:00:02.260932, 41
2025-03-06 16:30:01.868909, 49
2025-03-06 17:00:02.495096, 62
2025-03-06 17:30:02.131983, 67
2025-03-06 18:00:01.711674, 61
2025-03-06 18:30:02.391058, 88
2025-03-06 19:00:01.942545, 91
2025-03-06 19:30:01.549413, 100
2025-03-06 20:00:02.131911, 98
2025-03-06 20:30:01.684143, 71
2025-03-06 21:00:02.218565, 57
2025-03-06 21:30:01.911673, 39
2025-03-06 22:00:02.538486, 27
2025-03-06 22:30:02.261926, 16
2025-03-06 23:00:01.874880, 6
2025-03-06 23:30:02.548868, 2
2025-03-07 07:00:01.871888, 0
2025-03-07 07:30:02.551397, 0
2025-03-07 08:00:02.205467, 0
2025-03-07 08:30:01.793068, 6
2025-03-07 09:00:02.449753, 10
2025-03-07 09:30:02.077084, 17
2025-03-07 10:00:01.737884, 20
2025-03-07 10:30:02.369538, 23
2025-03-07 11:00:02.035392, 23
2025-03-07 11:30:01.602937, 22
2025-03-07 12:00:02.249514, 28
2025-03-07 12:30:01.810153, 27
2025-03-07 13:00:02.454906, 23
2025-03-07 13:30:02.011891, 19
2025-03-07 14:00:01.631584, 24
2025-03-07 14:30:02.290430, 28
2025-03-07 15:00:01.975329, 36
2025-03-07 15:30:01.627439, 46
2025-03-07 16:00:02.281413, 48
2025-03-07 16:30:01.829896, 61
2025-03-07 17:00:02.453209, 64
2025-03-07 17:30:02.102857, 66
2025-03-07 18:00:01.743593, 76
2025-03-07 18:30:02.445011, 68
2025-03-07 19:00:02.028544, 79
2025-03-07 19:30:01.660261, 84
2025-03-07 20:00:02.302664, 74
2025-03-07 20:30:01.871739, 72
2025-03-07 21:00:02.459277, 58
2025-03-07 21:30:02.028833, 38
2025-03-07 22:00:01.668284, 23
2025-03-07 22:30:02.311819, 11
2025-03-07 23:00:01.941774, 3
2025-03-07 23:30:01.560089, 2
2025-03-08 07:00:01.873995, 0
2025-03-08 07:30:02.439507, 0
2025-03-08 08:00:02.073360, 0
2025-03-08 08:30:01.687175, 2
2025-03-08 09:00:02.310207, 6
2025-03-08 09:30:01.995982, 9
2025-03-08 10:00:01.609770, 16
2025-03-08 10:30:02.249596, 23
2025-03-08 11:00:01.827821, 27
2025-03-08 11:30:02.482431, 31
2025-03-08 12:00:02.076905, 28
2025-03-08 12:30:01.680687, 27
2025-03-08 13:00:02.389616, 27
2025-03-08 13:30:02.024589, 27
2025-03-08 14:00:01.666457, 33
2025-03-08 14:30:02.333199, 42
2025-03-08 15:00:01.903209, 37
2025-03-08 15:30:02.496769, 38
2025-03-08 16:00:02.123889, 30
2025-03-08 16:30:01.725609, 23
2025-03-08 17:00:02.366341, 22
2025-03-08 17:30:01.991438, 30
2025-03-08 18:00:01.561799, 34
2025-03-08 18:30:02.187190, 33
2025-03-08 19:00:01.732260, 48
2025-03-08 19:30:02.391299, 38
2025-03-08 20:00:01.935159, 30
2025-03-08 20:30:01.505351, 24
2025-03-08 21:00:02.113862, 7
2025-03-08 21:30:01.838946, 1
2025-03-08 22:00:02.512809, 0
2025-03-08 22:30:02.150800, 0
2025-03-08 23:00:01.770467, 0
2025-03-08 23:30:02.406492, 0
2025-03-09 07:00:01.576613, 0
2025-03-09 07:30:02.242243, 0
2025-03-09 08:00:01.872158, 0
2025-03-09 08:30:02.456712, 10
2025-03-09 09:00:02.043511, 17
2025-03-09 09:30:01.706530, 22
2025-03-09 10:00:02.269279, 30
2025-03-09 10:30:01.876806, 26
2025-03-09 11:00:02.471093, 37
2025-03-09 11:30:02.076208, 38
2025-03-09 12:00:01.698892, 43
2025-03-09 12:30:02.343400, 39
2025-03-09 13:00:02.000549, 26
2025-03-09 13:30:01.596700, 31
2025-03-09 14:00:02.217730, 26
2025-03-09 14:30:01.854503, 31
2025-03-09 15:00:02.505581, 30
2025-03-09 15:30:02.089397, 26
2025-03-09 16:00:01.717536, 24
2025-03-09 16:30:02.279258, 28
2025-03-09 17:00:01.818846, 28
2025-03-09 17:30:02.374257, 28
2025-03-09 18:00:01.981448, 41
2025-03-09 18:30:01.564613, 34
2025-03-09 19:00:02.105597, 46
2025-03-09 19:30:01.693544, 51
2025-03-09 20:00:02.295148, 35
2025-03-09 20:30:01.865803, 30
2025-03-09 21:00:02.509067, 12
2025-03-09 21:30:02.045114, 0
2025-03-09 22:00:01.690149, 0
2025-03-09 22:30:02.316104, 0
2025-03-09 23:00:01.893473, 0
2025-03-09 23:30:02.553461, 0
2025-03-10 07:00:01.835393, 0
2025-03-10 07:30:02.463576, 0
2025-03-10 08:00:02.062593, 0
2025-03-10 08:30:01.652855, 2
2025-03-10 09:00:02.288409, 4
2025-03-10 09:30:01.812641, 5
2025-03-10 10:00:02.442092, 7
2025-03-10 10:30:02.038171, 6
2025-03-10 11:00:01.555386, 6
2025-03-10 11:30:02.115421, 7
2025-03-10 12:00:01.730066, 9
2025-03-10 12:30:02.336160, 11
2025-03-10 13:00:02.109598, 11
2025-03-10 13:30:01.664922, 19
2025-03-10 14:00:02.247867, 19
2025-03-10 14:30:01.835439, 18
2025-03-10 15:00:02.420281, 22
2025-03-10 15:30:02.034611, 20
2025-03-10 16:00:01.548456, 24
2025-03-10 16:30:02.079724, 42
2025-03-10 17:00:01.647307, 50
2025-03-10 17:30:02.171863, 72
2025-03-10 18:00:01.755328, 88
2025-03-10 18:30:02.359519, 83
2025-03-10 19:00:01.943303, 77
2025-03-10 19:30:01.513880, 62
2025-03-10 20:00:02.079147, 53
2025-03-10 20:30:01.691077, 48
2025-03-10 21:00:02.264533, 47
2025-03-10 21:30:01.823358, 48
2025-03-10 22:00:02.404312, 40
2025-03-10 22:30:02.025100, 35
2025-03-10 23:00:01.596625, 29
2025-03-10 23:30:02.242397, 14
2025-03-11 07:00:02.454656, 0
2025-03-11 07:30:02.071132, 0
2025-03-11 08:00:01.592359, 0
2025-03-11 08:30:02.234038, 2
2025-03-11 09:00:01.753032, 4
2025-03-11 09:30:02.343778, 4
2025-03-11 10:00:01.866890, 0
2025-03-11 10:30:02.503338, 9
2025-03-11 11:00:02.133612, 14
2025-03-11 11:30:01.728711, 20
2025-03-11 12:00:02.435516, 18
2025-03-11 12:30:02.093184, 19
2025-03-11 13:00:01.708569, 17
2025-03-11 13:30:02.221786, 17
2025-03-11 14:00:01.841867, 14
2025-03-11 14:30:02.410465, 17
2025-03-11 15:00:01.967312, 15
2025-03-11 15:30:01.454655, 14
2025-03-11 16:00:02.080617, 18
2025-03-11 16:30:01.648349, 34
2025-03-11 17:00:02.263244, 58
2025-03-11 17:30:01.820739, 73
2025-03-11 18:00:02.364387, 87
2025-03-11 18:30:01.962834, 82
2025-03-11 19:00:01.481951, 76
2025-03-11 19:30:02.084950, 75
2025-03-11 20:00:01.634889, 66
2025-03-11 20:30:02.241910, 64
2025-03-11 21:00:01.792573, 56
2025-03-11 21:30:02.359754, 41
2025-03-11 22:00:01.883075, 31
2025-03-11 22:30:02.479756, 19
2025-03-11 23:00:02.135233, 5
2025-03-11 23:30:01.737074, 2
2025-03-12 07:00:01.965956, 0
2025-03-12 07:30:01.552177, 0
2025-03-12 08:00:02.071111, 0
2025-03-12 08:30:01.627699, 4
2025-03-12 09:00:02.149950, 6
2025-03-12 09:30:01.691434, 10
2025-03-12 10:00:02.258280, 15
2025-03-12 10:30:01.808240, 15
2025-03-12 11:00:02.418794, 15
2025-03-12 11:30:01.967233, 13
2025-03-12 12:00:01.486326, 16
2025-03-12 12:30:02.061766, 13
2025-03-12 13:00:01.572323, 18
2025-03-12 13:30:02.140839, 18
2025-03-12 14:00:01.667812, 18
2025-03-12 14:30:02.330985, 20
2025-03-12 15:00:01.931654, 16
2025-03-12 15:30:02.529535, 24
2025-03-12 16:00:02.037158, 23
2025-03-12 16:30:01.588000, 38
2025-03-12 17:00:02.156010, 60
2025-03-12 17:30:01.752214, 74
2025-03-12 18:00:02.313834, 101
2025-03-12 18:30:01.905121, 103
2025-03-12 19:00:02.528701, 105
2025-03-12 19:30:02.125856, 96
2025-03-12 20:00:01.668875, 80
2025-03-12 20:30:02.232414, 69
2025-03-12 21:00:01.760988, 67
2025-03-12 21:30:02.309086, 66
2025-03-12 22:00:01.878009, 53
2025-03-12 22:30:02.532692, 44
2025-03-12 23:00:02.111653, 19
2025-03-12 23:30:01.685682, 6
2025-03-13 07:00:01.980131, 0
2025-03-13 07:30:01.627234, 0
2025-03-13 08:00:02.196447, 0
2025-03-13 08:30:01.725194, 9
2025-03-13 09:00:02.362067, 11
2025-03-13 09:30:01.973042, 13
2025-03-13 10:00:01.531408, 13
2025-03-13 10:30:02.159770, 5
2025-03-13 11:00:01.766002, 4
2025-03-13 11:30:02.538814, 8
2025-03-13 12:00:02.189653, 10
2025-03-13 12:30:01.787435, 15
2025-03-13 13:00:02.362239, 19
2025-03-13 13:30:01.915357, 19
2025-03-13 14:00:02.452064, 22
2025-03-13 14:30:02.100362, 21
2025-03-13 15:00:01.617739, 22
2025-03-13 15:30:02.249761, 24
2025-03-13 16:00:01.768626, 31
2025-03-13 16:30:02.405908, 39
2025-03-13 17:00:02.036919, 49
2025-03-13 17:30:01.647707, 69
2025-03-13 18:00:02.295900, 84
2025-03-13 18:30:01.950704, 100
2025-03-13 19:00:01.544781, 99
2025-03-13 19:30:02.169685, 97
2025-03-13 20:00:01.675260, 82
2025-03-13 20:30:02.322449, 71
2025-03-13 21:00:01.983082, 68
2025-03-13 21:30:01.636157, 47
2025-03-13 22:00:02.162524, 41
2025-03-13 22:30:01.792087, 25
2025-03-13 23:00:02.328330, 12
2025-03-13 23:30:02.009096, 8
2025-03-14 07:00:02.294804, 0
2025-03-14 07:30:01.941353, 0
2025-03-14 08:00:01.570043, 0
2025-03-14 08:30:02.237605, 3
2025-03-14 09:00:01.793488, 7
2025-03-14 09:30:02.435993, 9
2025-03-14 10:00:02.104189, 15
2025-03-14 10:30:01.618381, 15
2025-03-14 11:00:02.271772, 16
2025-03-14 11:30:01.875571, 18
2025-03-14 12:00:02.410865, 23
2025-03-14 12:30:02.001711, 27
2025-03-14 13:00:01.559996, 26
2025-03-14 13:30:02.207694, 30
2025-03-14 14:00:01.820595, 30
2025-03-14 14:30:02.527114, 36
2025-03-14 15:00:02.153197, 51
2025-03-14 15:30:01.725750, 58
2025-03-14 16:00:02.282345, 56
2025-03-14 16:30:01.810199, 60
2025-03-14 17:00:02.361854, 77
2025-03-14 17:30:01.941734, 79
2025-03-14 18:00:01.553036, 91
2025-03-14 18:30:02.070780, 89
2025-03-14 19:00:01.631053, 79
2025-03-14 19:30:02.181340, 76
2025-03-14 20:00:01.719127, 76
2025-03-14 20:30:02.334199, 72
2025-03-14 21:00:01.911512, 56
2025-03-14 21:30:02.533123, 43
2025-03-14 22:00:02.121256, 27
2025-03-14 22:30:01.788435, 18
2025-03-14 23:00:02.359807, 10
2025-03-14 23:30:01.932997, 8
2025-03-15 07:00:02.176346, 0
2025-03-15 07:30:01.771771, 0
2025-03-15 08:00:02.396304, 0
2025-03-15 08:30:01.938106, 3
2025-03-15 09:00:02.466007, 8
2025-03-15 09:30:02.044304, 16
2025-03-15 10:00:01.664525, 22
2025-03-15 10:30:02.207757, 23
2025-03-15 11:00:01.842049, 24
2025-03-15 11:30:02.392210, 24
2025-03-15 12:00:01.959565, 25
2025-03-15 12:30:01.579116, 35
2025-03-15 13:00:02.136398, 31
2025-03-15 13:30:01.727842, 28
2025-03-15 14:00:02.307544, 30
2025-03-15 14:30:01.830402, 28
2025-03-15 15:00:02.418480, 40
2025-03-15 15:30:02.014706, 44
2025-03-15 16:00:01.569413, 39
2025-03-15 16:30:02.113380, 34
2025-03-15 17:00:01.639654, 29
2025-03-15 17:30:02.253549, 25
2025-03-15 18:00:01.797215, 31
2025-03-15 18:30:02.320266, 39
2025-03-15 19:00:01.865048, 33
2025-03-15 19:30:02.385719, 34
2025-03-15 20:00:01.936934, 25
2025-03-15 20:30:01.438221, 10
2025-03-15 21:00:02.029312, 7
2025-03-15 21:30:01.624860, 1
2025-03-15 22:00:02.175926, 0
2025-03-15 22:30:01.752884, 0
2025-03-15 23:00:02.353803, 0
2025-03-15 23:30:01.913435, 0
2025-03-16 07:00:02.185299, 0
2025-03-16 07:30:01.750809, 0
2025-03-16 08:00:02.295470, 0
2025-03-16 08:30:01.920864, 4
2025-03-16 09:00:02.486648, 5
2025-03-16 09:30:02.103815, 7
2025-03-16 10:00:01.690304, 10
2025-03-16 10:30:02.254180, 24
2025-03-16 11:00:01.834962, 42
2025-03-16 11:30:02.366495, 50
2025-03-16 12:00:01.887063, 58
2025-03-16 12:30:02.481006, 47
2025-03-16 13:00:02.048145, 40
2025-03-16 13:30:01.670339, 37
2025-03-16 14:00:02.227827, 38
2025-03-16 14:30:01.781281, 45
2025-03-16 15:00:02.395291, 46
2025-03-16 15:30:01.978417, 54
2025-03-16 16:00:01.511562, 47
2025-03-16 16:30:01.992078, 44
2025-03-16 17:00:01.557279, 37
2025-03-16 17:30:02.085073, 33
2025-03-16 18:00:01.598734, 33
2025-03-16 18:30:02.164933, 27
2025-03-16 19:00:01.640228, 35
2025-03-16 19:30:02.229801, 32
2025-03-16 20:00:01.734504, 27
2025-03-16 20:30:02.350064, 22
2025-03-16 21:00:01.884081, 8
2025-03-16 21:30:02.419180, 1
2025-03-16 22:00:01.904588, 0
2025-03-16 22:30:02.503553, 0
2025-03-16 23:00:02.058876, 0
2025-03-16 23:30:01.708921, 0
2025-03-17 07:00:01.881289, 0
2025-03-17 07:30:02.581354, 0
2025-03-17 08:00:02.219202, 0
2025-03-17 08:30:01.784365, 3
2025-03-17 09:00:02.369545, 3
2025-03-17 09:30:01.912396, 8
2025-03-17 10:00:02.458233, 13
2025-03-17 10:30:02.125075, 13
2025-03-17 11:00:01.689139, 14
2025-03-17 11:30:02.330338, 11
2025-03-17 12:00:01.908309, 10
2025-03-17 12:30:02.574305, 11
2025-03-17 13:00:02.276197, 11
2025-03-17 13:30:01.913942, 15
2025-03-17 14:00:02.569116, 11
2025-03-17 14:30:02.148850, 12
2025-03-17 15:00:01.838507, 19
2025-03-17 15:30:02.478169, 22
2025-03-17 16:00:01.985932, 28
2025-03-17 16:30:01.616884, 33
2025-03-17 17:00:02.207173, 47
2025-03-17 17:30:01.831449, 50
2025-03-17 18:00:02.403709, 61
2025-03-17 18:30:01.976681, 62
2025-03-17 19:00:01.526403, 63
2025-03-17 19:30:02.175125, 78
2025-03-17 20:00:01.702851, 79
2025-03-17 20:30:02.316801, 75
2025-03-17 21:00:01.830584, 64
2025-03-17 21:30:02.403660, 41
2025-03-17 22:00:01.990291, 27
2025-03-17 22:30:01.615910, 21
2025-03-17 23:00:02.169658, 12
2025-03-17 23:30:01.714974, 8
2025-03-18 07:00:01.906863, 0
2025-03-18 07:30:02.493712, 0
2025-03-18 08:00:02.100531, 0
2025-03-18 08:30:01.735266, 1
2025-03-18 09:00:02.319217, 3
2025-03-18 09:30:01.875209, 5
2025-03-18 10:00:02.491603, 16
2025-03-18 10:30:02.135364, 23
2025-03-18 11:00:01.750835, 22
2025-03-18 11:30:02.402156, 21
2025-03-18 12:00:02.020512, 17
2025-03-18 12:30:01.573089, 11
2025-03-18 13:00:02.165320, 15
2025-03-18 13:30:01.715887, 22
2025-03-18 14:00:02.333246, 19
2025-03-18 14:30:01.926202, 21
2025-03-18 15:00:02.550699, 24
2025-03-18 15:30:02.202289, 25
2025-03-18 16:00:01.742889, 35
2025-03-18 16:30:02.335612, 46
2025-03-18 17:00:01.938189, 60
2025-03-18 17:30:01.509661, 76
2025-03-18 18:00:02.083974, 86
2025-03-18 18:30:01.661906, 94
2025-03-18 19:00:02.315500, 85
2025-03-18 19:30:01.886711, 85
2025-03-18 20:00:02.420374, 71
2025-03-18 20:30:01.926247, 66
2025-03-18 21:00:02.435695, 68
2025-03-18 21:30:02.030601, 47
2025-03-18 22:00:01.649068, 42
2025-03-18 22:30:02.236506, 25
2025-03-18 23:00:01.807386, 11
2025-03-18 23:30:02.387450, 6
2025-03-19 07:00:01.661404, 0
2025-03-19 07:30:02.266565, 0
2025-03-19 08:00:01.911006, 0
2025-03-19 08:30:02.553183, 2
2025-03-19 09:00:02.148164, 7
2025-03-19 09:30:01.726463, 13
2025-03-19 10:00:02.296140, 17
2025-03-19 10:30:01.838512, 17
2025-03-19 11:00:02.531817, 14
2025-03-19 11:30:02.241911, 15
2025-03-19 12:00:01.805337, 12
2025-03-19 12:30:02.447598, 11
2025-03-19 13:00:02.093889, 14
2025-03-19 13:30:01.707419, 11
2025-03-19 14:00:02.341110, 13
2025-03-19 14:30:01.979577, 15
2025-03-19 15:00:01.658752, 18
2025-03-19 15:30:02.315986, 26
2025-03-19 16:00:01.850213, 34
2025-03-19 16:30:02.506545, 43
2025-03-19 17:00:02.169128, 66
2025-03-19 17:30:01.872553, 74
2025-03-19 18:00:02.445563, 100
2025-03-19 18:30:02.024549, 99
2025-03-19 19:00:01.661335, 80
2025-03-19 19:30:02.249676, 74
2025-03-19 20:00:01.813342, 50
2025-03-19 20:30:02.450393, 53
2025-03-19 21:00:02.123075, 48
2025-03-19 21:30:01.787987, 37
2025-03-19 22:00:02.453322, 31
2025-03-19 22:30:01.995008, 18
2025-03-19 23:00:01.549288, 11
2025-03-19 23:30:02.209421, 7
2025-03-20 07:00:02.475865, 0
2025-03-20 07:30:01.999509, 0
2025-03-20 08:00:01.544548, 3
2025-03-20 08:30:02.109371, 8
2025-03-20 09:00:01.762554, 10
2025-03-20 09:30:02.327702, 16
2025-03-20 10:00:01.876154, 28
2025-03-20 10:30:02.485275, 72
2025-03-20 11:00:02.089291, 72
2025-03-20 11:30:01.862360, 69
2025-03-20 12:00:02.496054, 62
2025-03-20 12:30:02.154515, 17
2025-03-20 13:00:01.702267, 18
2025-03-20 13:30:02.300240, 14
2025-03-20 14:00:01.903061, 10
2025-03-20 14:30:02.493871, 16
2025-03-20 15:00:02.134853, 16
2025-03-20 15:30:01.718156, 19
2025-03-20 16:00:02.363083, 26
2025-03-20 16:30:01.935892, 37
2025-03-20 17:00:02.476813, 45
2025-03-20 17:30:02.030323, 62
2025-03-20 18:00:01.579098, 65
2025-03-20 18:30:02.273354, 71
2025-03-20 19:00:01.833589, 81
2025-03-20 19:30:02.384878, 79
2025-03-20 20:00:01.927793, 74
2025-03-20 20:30:01.525849, 57
2025-03-20 21:00:02.074543, 42
2025-03-20 21:30:01.715403, 32
2025-03-20 22:00:02.289374, 27
2025-03-20 22:30:01.884863, 20
2025-03-20 23:00:02.588103, 13
2025-03-20 23:30:02.233986, 7
2025-03-21 07:00:02.556430, 0
2025-03-21 07:30:02.259313, 0
2025-03-21 08:00:01.918512, 1
2025-03-21 08:30:01.678941, 6
2025-03-21 09:00:02.240994, 9
2025-03-21 09:30:01.791209, 11
2025-03-21 10:00:02.475411, 15
2025-03-21 10:30:02.141594, 16
2025-03-21 11:00:01.683581, 23
2025-03-21 11:30:02.434154, 24
2025-03-21 12:00:02.021844, 27
2025-03-21 12:30:01.633694, 29
2025-03-21 13:00:02.209812, 23
2025-03-21 13:30:01.976810, 29
2025-03-21 14:00:01.591429, 29
2025-03-21 14:30:02.285710, 31
2025-03-21 15:00:01.841496, 31
2025-03-21 15:30:02.454153, 42
2025-03-21 16:00:02.164060, 40
2025-03-21 16:30:01.732230, 47
2025-03-21 17:00:02.442775, 67
2025-03-21 17:30:01.993506, 59
2025-03-21 18:00:01.557813, 64
2025-03-21 18:30:02.173955, 66
2025-03-21 19:00:01.844146, 50
2025-03-21 19:30:02.359899, 52
2025-03-21 20:00:01.993239, 46
2025-03-21 20:30:01.659120, 38
2025-03-21 21:00:02.304953, 28
2025-03-21 21:30:02.005550, 19
2025-03-21 22:00:01.562378, 18
2025-03-21 22:30:02.151523, 8
2025-03-21 23:00:01.830050, 6
2025-03-21 23:30:02.520368, 4
2025-03-22 07:00:01.844237, 0
2025-03-22 07:30:02.512230, 0
2025-03-22 08:00:02.203208, 0
2025-03-22 08:30:01.825097, 3
2025-03-22 09:00:02.489454, 5
2025-03-22 09:30:02.123283, 15
2025-03-22 10:00:01.810955, 18
2025-03-22 10:30:02.410222, 23
2025-03-22 11:00:02.081930, 26
2025-03-22 11:30:01.750336, 20
2025-03-22 12:00:02.367414, 28
2025-03-22 12:30:02.069008, 35
2025-03-22 13:00:01.682000, 40
2025-03-22 13:30:02.287256, 48
2025-03-22 14:00:01.911021, 45
2025-03-22 14:30:02.471624, 34
2025-03-22 15:00:02.576696, 32
2025-03-22 15:30:02.252030, 30
2025-03-22 16:00:01.818278, 30
2025-03-22 16:30:02.365489, 41
2025-03-22 17:00:01.891847, 40
2025-03-22 17:30:02.433145, 33
2025-03-22 18:00:01.993025, 29
2025-03-22 18:30:01.631511, 23
2025-03-22 19:00:02.291354, 20
2025-03-22 19:30:01.891462, 18
2025-03-22 20:00:02.524460, 15
2025-03-22 20:30:02.176524, 7
2025-03-22 21:00:01.780120, 3
2025-03-22 21:30:02.365821, 2
2025-03-22 22:00:01.964118, 0
2025-03-22 22:30:01.542790, 0
2025-03-22 23:00:02.151654, 0
2025-03-22 23:30:01.847096, 0
2025-03-23 07:00:02.215800, 0
2025-03-23 07:30:01.823692, 0
2025-03-23 08:00:02.550509, 0
2025-03-23 08:30:02.156035, 5
2025-03-23 09:00:01.704058, 12
2025-03-23 09:30:02.285358, 19
2025-03-23 10:00:01.968804, 26
2025-03-23 10:30:01.553049, 32
2025-03-23 11:00:02.176518, 28
2025-03-23 11:30:01.789233, 37
2025-03-23 12:00:02.365184, 35
2025-03-23 12:30:01.944243, 34
2025-03-23 13:00:01.545224, 37
2025-03-23 13:30:02.106685, 33
2025-03-23 14:00:01.746785, 35
2025-03-23 14:30:02.390606, 36
2025-03-23 15:00:02.028080, 34
2025-03-23 15:30:01.679425, 26
2025-03-23 16:00:02.316488, 22
2025-03-23 16:30:01.943562, 15
2025-03-23 17:00:01.500447, 13
2025-03-23 17:30:02.138166, 12
2025-03-23 18:00:01.691095, 12
2025-03-23 18:30:02.327109, 18
2025-03-23 19:00:01.881560, 18
2025-03-23 19:30:04.294842, 23
2025-03-23 20:00:01.797505, 19
2025-03-23 20:30:02.309359, 10
2025-03-23 21:00:01.853379, 8
2025-03-23 21:30:02.486413, 0
2025-03-23 22:00:02.119327, 0
2025-03-23 22:30:01.796685, 0
2025-03-23 23:00:02.476400, 0
2025-03-23 23:30:02.099137, 0
2025-03-24 07:00:02.430124, 0
2025-03-24 07:30:02.078817, 0
2025-03-24 08:00:01.661436, 0
2025-03-24 08:30:02.225080, 1
2025-03-24 09:00:02.137320, 2
2025-03-24 09:30:01.824460, 2
2025-03-24 10:00:02.449407, 6
2025-03-24 10:30:02.104554, 5
2025-03-24 11:00:01.722690, 9
2025-03-24 11:30:02.388732, 17
2025-03-24 12:00:02.007764, 15
2025-03-24 12:30:01.684754, 16
2025-03-24 13:00:02.400691, 22
2025-03-24 13:30:02.086949, 18
2025-03-24 14:00:01.646460, 22
2025-03-24 14:30:02.345249, 29
2025-03-24 15:00:01.929284, 28
2025-03-24 15:30:01.578190, 32
2025-03-24 16:00:02.217131, 36
2025-03-24 16:30:01.808451, 35
2025-03-24 17:00:02.390100, 33
2025-03-24 17:30:02.032836, 48
2025-03-24 18:00:01.658132, 54
2025-03-24 18:30:02.248167, 54
2025-03-24 19:00:01.829651, 54
2025-03-24 19:30:02.426427, 39
2025-03-24 20:00:02.040068, 33
2025-03-24 20:30:01.589790, 31
2025-03-24 21:00:02.185983, 31
2025-03-24 21:30:01.710566, 23
2025-03-24 22:00:02.288878, 18
2025-03-24 22:30:01.949565, 15
2025-03-24 23:00:01.551631, 8
2025-03-24 23:30:02.182121, 6
2025-03-25 07:00:02.550126, 0
2025-03-25 07:30:02.212386, 0
2025-03-25 08:00:01.882195, 0
2025-03-25 08:30:02.521609, 3
2025-03-25 09:00:02.051864, 3
2025-03-25 09:30:01.721828, 5
2025-03-25 10:00:02.378137, 5
2025-03-25 10:30:02.013431, 8
2025-03-25 11:00:01.576609, 10
2025-03-25 11:30:02.210939, 9
2025-03-25 12:00:01.978560, 14
2025-03-25 12:30:01.546289, 9
2025-03-25 13:00:02.241285, 9
2025-03-25 13:30:01.899507, 13
2025-03-25 14:00:02.508400, 13
2025-03-25 14:30:02.158821, 14
2025-03-25 15:00:01.742900, 15
2025-03-25 15:30:02.280703, 15
2025-03-25 16:00:01.923656, 16
2025-03-25 16:30:01.452001, 24
2025-03-25 17:00:02.124487, 28
2025-03-25 17:30:01.727062, 30
2025-03-25 18:00:02.291565, 49
2025-03-25 18:30:01.842133, 62
2025-03-25 19:00:02.427178, 59
2025-03-25 19:30:02.028908, 63
2025-03-25 20:00:01.573723, 52
2025-03-25 20:30:02.137056, 31
2025-03-25 21:00:01.668372, 33
2025-03-25 21:30:02.290906, 23
2025-03-25 22:00:01.946571, 15
2025-03-25 22:30:01.572389, 11
2025-03-25 23:00:02.184503, 4
2025-03-25 23:30:01.881634, 4
2025-03-26 07:00:02.304074, 0
2025-03-26 07:30:02.015127, 0
2025-03-26 08:00:01.650382, 0
2025-03-26 08:30:02.346431, 1
2025-03-26 09:00:01.954142, 5
2025-03-26 09:30:01.576645, 6
2025-03-26 10:00:02.335112, 9
2025-03-26 10:30:02.256386, 9
2025-03-26 11:00:01.846718, 6
2025-03-26 11:30:02.506749, 5
2025-03-26 12:00:02.201108, 5
2025-03-26 12:30:01.766927, 5
2025-03-26 13:00:02.480594, 6
2025-03-26 13:30:02.117911, 11
2025-03-26 14:00:01.753192, 9
2025-03-26 14:30:02.423116, 12
2025-03-26 15:00:02.060323, 16
2025-03-26 15:30:01.692898, 19
2025-03-26 16:00:02.252365, 27
2025-03-26 16:30:01.896911, 34
2025-03-26 17:00:02.439875, 38
2025-03-26 17:30:02.072534, 40
2025-03-26 18:00:01.594444, 50
2025-03-26 18:30:02.264307, 50
2025-03-26 19:00:01.890544, 50
2025-03-26 19:30:02.443352, 55
2025-03-26 20:00:01.960065, 38
2025-03-26 20:30:01.522139, 36
2025-03-26 21:00:02.184061, 36
2025-03-26 21:30:01.718613, 28
2025-03-26 22:00:02.372911, 25
2025-03-26 22:30:02.029585, 17
2025-03-26 23:00:01.592295, 6
2025-03-26 23:30:02.155609, 1
2025-03-28 02:04:45.989540, 0
2025-03-28 02:04:45.997632, 0
2025-03-28 02:04:45.998771, 0
2025-03-28 02:04:45.999704, 0
2025-03-28 02:04:46.004488, 0
2025-03-28 02:04:46.007173, 0
2025-03-28 02:04:46.013157, 0
2025-03-28 02:04:46.017393, 0
2025-03-28 02:04:59.883338, 0
2025-03-28 02:04:59.888504, 0
2025-03-28 02:04:59.893679, 0
2025-03-28 02:04:59.893683, 0
2025-03-28 02:04:59.893987, 0
2025-03-28 02:04:59.894380, 0
2025-03-28 02:04:59.898780, 0
2025-03-28 02:04:59.910424, 0
2025-03-28 02:04:59.923523, 0
2025-03-28 02:04:59.929402, 0
2025-03-28 02:04:59.932839, 0
2025-03-28 02:04:59.937496, 0
2025-03-28 02:04:59.943651, 0
2025-03-28 02:04:59.945336, 0
2025-03-28 02:04:59.945728, 0
2025-03-28 02:04:59.954370, 0
2025-03-28 02:04:59.974245, 0
2025-03-28 02:04:59.978095, 0
2025-03-28 02:04:59.978286, 0
2025-03-28 02:04:59.983086, 0
2025-03-28 02:04:59.987941, 0
2025-03-28 02:04:59.988249, 0
2025-03-28 02:04:59.988255, 0
2025-03-28 02:04:59.989317, 0
2025-03-28 02:05:00.010897, 0
2025-03-28 02:05:00.021107, 0
2025-03-28 07:00:01.951280, 0
2025-03-28 07:30:01.622379, 0
2025-03-28 08:00:02.271897, 0
2025-03-28 08:30:01.866446, 4
2025-03-28 09:00:02.513971, 14
2025-03-28 09:30:02.128251, 18
2025-03-28 10:00:01.639760, 20
2025-03-28 10:30:02.201369, 24
2025-03-28 11:00:01.802923, 18
2025-03-28 11:30:02.448771, 19
2025-03-28 12:00:02.013342, 23
2025-03-28 12:30:01.609024, 25
2025-03-28 13:00:02.241516, 29
2025-03-28 13:30:01.777756, 27
2025-03-28 14:00:02.337262, 26
2025-03-28 14:30:01.932485, 24
2025-03-28 15:00:02.571621, 26
2025-03-28 15:30:02.172763, 31
2025-03-28 16:00:01.847874, 31
2025-03-28 16:30:02.423002, 27
2025-03-28 17:00:02.068196, 27
2025-03-28 17:30:01.583050, 31
2025-03-28 18:00:02.113052, 34
2025-03-28 18:30:01.714244, 46
2025-03-28 19:00:02.302089, 39
2025-03-28 19:30:01.853968, 32
2025-03-28 20:00:02.399347, 32
2025-03-28 20:30:01.945311, 23
2025-03-28 21:00:01.432724, 28
2025-03-28 21:30:01.938956, 22
2025-03-28 22:00:01.451459, 19
2025-03-28 22:30:02.193977, 11
2025-03-28 23:00:01.740867, 5
2025-03-28 23:30:02.379153, 5
2025-03-29 07:00:01.649828, 0
2025-03-29 07:30:02.313709, 0
2025-03-29 08:00:01.859460, 0
2025-03-29 08:30:02.419355, 3
2025-03-29 09:00:02.025773, 5
2025-03-29 09:30:01.583623, 8
2025-03-29 10:00:02.147806, 18
2025-03-29 10:30:01.671579, 33
2025-03-29 11:00:02.336100, 36
2025-03-29 11:30:01.919138, 39
2025-03-29 12:00:02.551200, 36
2025-03-29 12:30:02.250000, 22
2025-03-29 13:00:01.838088, 17
2025-03-29 13:30:02.453931, 20
2025-03-29 14:00:02.072209, 17
2025-03-29 14:30:01.601151, 25
2025-03-29 15:00:02.203533, 29
2025-03-29 15:30:01.826422, 31
2025-03-29 16:00:02.420459, 41
2025-03-29 16:30:01.989698, 35
2025-03-29 17:00:01.508871, 39
2025-03-31 00:38:52.075310, 0
2025-03-31 00:38:52.081434, 0
2025-03-31 00:38:52.082250, 0
2025-03-31 00:38:52.082521, 0
2025-03-31 00:38:52.082677, 0
2025-03-31 00:38:52.084637, 0
2025-03-31 00:38:52.085155, 0
2025-03-31 00:38:52.092467, 0
2025-03-31 00:38:52.092560, 0
2025-03-31 00:38:52.098154, 0
2025-03-31 00:38:52.098454, 0
2025-03-31 00:38:52.099232, 0
2025-03-31 00:38:52.099852, 0
2025-03-31 00:38:53.156049, 0
2025-03-31 00:38:53.163385, 0
2025-03-31 00:38:53.163723, 0
2025-03-31 00:38:53.164065, 0
2025-03-31 00:38:53.167434, 0
2025-03-31 00:38:53.168822, 0
2025-03-31 00:38:53.170827, 0
2025-03-31 00:38:53.174708, 0
2025-03-31 00:38:53.214763, 0
2025-03-31 00:38:53.221583, 0
2025-03-31 00:38:53.236124, 0
2025-03-31 00:38:53.240941, 0
2025-03-31 00:38:53.241649, 0
2025-03-31 00:38:53.250938, 0
2025-03-31 00:38:53.255915, 0
2025-03-31 00:38:53.256005, 0
2025-03-31 00:38:53.256261, 0
2025-03-31 00:38:53.261723, 0
2025-03-31 00:38:53.261786, 0
2025-03-31 00:38:53.262177, 0
2025-03-31 00:38:53.265012, 0
2025-03-31 00:38:53.265630, 0
2025-03-31 00:38:53.267213, 0
2025-03-31 00:38:53.269930, 0
2025-03-31 00:38:53.274958, 0
2025-03-31 00:38:53.275458, 0
2025-03-31 00:38:53.280448, 0
2025-03-31 00:38:53.280525, 0
2025-03-31 00:38:53.280968, 0
2025-03-31 00:38:53.291004, 0
2025-03-31 00:38:53.295733, 0
2025-03-31 00:38:53.300230, 0
2025-03-31 00:38:53.302595, 0
2025-03-31 00:38:53.306845, 0
2025-03-31 07:00:02.438956, 0
2025-03-31 07:30:02.030585, 0
2025-03-31 08:00:01.652809, 0
2025-03-31 08:30:02.310292, 4
2025-03-31 09:00:01.854859, 5
2025-03-31 09:30:02.502567, 8
2025-03-31 10:00:02.102966, 9
2025-03-31 10:30:01.737455, 7
2025-03-31 11:00:02.365170, 7
2025-03-31 11:30:02.026728, 9
2025-03-31 12:00:01.677014, 12
2025-03-31 12:30:02.309408, 15
2025-03-31 13:00:02.043117, 17
2025-03-31 13:30:01.675894, 18
2025-03-31 14:00:02.277492, 19
2025-03-31 14:30:01.895315, 21
2025-03-31 15:00:02.562183, 21
2025-03-31 15:30:02.151990, 20
2025-03-31 16:00:01.716356, 27
2025-03-31 16:30:02.257701, 31
2025-03-31 17:00:01.888101, 48
2025-03-31 17:30:02.468471, 70
2025-03-31 18:00:02.051006, 78
2025-03-31 18:30:01.678976, 86
2025-03-31 19:00:02.213755, 85
2025-03-31 19:30:01.732993, 73
2025-03-31 20:00:02.310913, 77
2025-03-31 20:30:01.918220, 71
2025-03-31 21:00:02.499334, 54
2025-03-31 21:30:02.151998, 43
2025-03-31 22:00:01.721819, 28
2025-03-31 22:30:02.351928, 18
2025-03-31 23:00:01.958648, 13
2025-03-31 23:30:01.517428, 8
